glycopeptide,neutral_mass,mass_accuracy,ms1_score,ms2_score,q_value,total_signal,start_time,end_time,apex_time,charge_states,msms_count,peptide_start,peptide_end,protein_name,mass_shifts
SDHGSSISC(Carbamidomethyl)QPPAEIPGYLPADTVHLAVEFFN(N-Glycosylation)LTHLPANLLQGASK{Fuc:1; Hex:6; HexNAc:5; Neu5Ac:3},7905.46790507,3.01371384396e-06,18.4299357758,77.7188043259,0,44904249.4297,44.8928666667,45.6135333333,45.20775,8;5;6;7,35,47,93,P02750|A2GL_HUMAN,Unmodified
QDQC(Carbamidomethyl)IYN(N-Glycosylation)TTYLNVQR{Hex:6; HexNAc:5; Neu5Ac:3},4775.86439317,5.24936141031e-06,14.3139636087,95.4538400297,0,33971481.6316,29.4384666667,31.1203166667,30.186283333333,3;4;5;6,15,86,101,P02763|A1AG1_HUMAN,Unmodified
GC(Carbamidomethyl)VLLSYLN(N-Glycosylation)ETVTVSASLESVR{Hex:5; HexNAc:4; Neu5Ac:2},4600.98724864,2.37292605883e-06,6.23060515811,29.4084671124,0.00358851674641,1459457.72339,40.5091333333,60.6098833333,40.6345,4,39,46,68,P01023|A2MG_HUMAN,Unmodified
TEVSSNHVLIYLDKVSN(N-Glycosylation)QTLSLFFTVLQDVPVR{Hex:6; HexNAc:5; Neu5Ac:3},6621.98079942,3.50792136122e-06,15.4918840436,23.0274430431,0.00957446808511,1152416.77539,49.3401166667,49.5779666667,49.44245,5;6;7,10,1407,1440,P01023|A2MG_HUMAN,Unmodified
QDQC(Carbamidomethyl)IYN(N-Glycosylation)TTYLNVQR{Hex:7; HexNAc:6; Neu5Ac:2},4849.91811829,1.67519282399e-06,17.1378465266,38.0501733062,0.00157480314961,12811638.0513,29.1504,30.2025666667,29.471283333333,4;5,12,86,101,P02763|A1AG1_HUMAN,Unmodified
VC(Carbamidomethyl)QDC(Carbamidomethyl)PLLAPLN(N-Glycosylation)DTR{Hex:6; HexNAc:5; Neu5Ac:3},4631.83138227,1.7186342425e-06,14.4226138593,114.558117933,0,16011206.3057,32.2087833333,33.02745,32.890416666667,4;5,13,144,159,P02765|FETUA_HUMAN,Unmodified
VC(Carbamidomethyl)QDC(Carbamidomethyl)PLLAPLN(N-Glycosylation)DTR{Fuc:1; Hex:6; HexNAc:5; Neu5Ac:3},4777.89220831,1.05552389039e-06,11.8630372373,48.8330487058,0,5066585.02734,32.2753333333,32.9585,32.82465,3;4;5,2,144,159,P02765|FETUA_HUMAN,Unmodified
VSN(N-Glycosylation)QTLSLFFTVLQDVPVR{Hex:6; HexNAc:5; Neu5Ac:3},5023.15581527,3.54190512631e-06,14.868704652,37.8230376162,0.00157480314961,1802702.10889,43.4274,43.9946833333,43.776766666667,4;5,8,1421,1440,P01023|A2MG_HUMAN,Unmodified
MVSHHN(N-Glycosylation)LTTGATLINEQWLLTTAK{Hex:6; HexNAc:5; Neu5Ac:3},5539.32165066,1.14495162643e-05,13.5825883694,64.1312315232,0,6959293.25391,34.3909833333,34.7898,34.5323,4;5;6,5,178,202,P00738|HPT_HUMAN,Unmodified
SVQEIQATFFYFTPN(N-Glycosylation)K{Hex:5; HexNAc:4; Neu5Ac:2},4123.70611154,3.1144359287e-06,15.4783170432,138.856298877,0,24710459.7517,35.9011,37.6977666667,36.383366666667,3;4;5,31,57,73,P02763|A1AG1_HUMAN,Unmodified
SVQEIQATFFYFTPN(N-Glycosylation)K{Hex:5; HexNAc:4; Neu5Ac:2},4123.70611154,3.1144359287e-06,15.4783170432,138.856298877,0,24710459.7517,35.9011,37.6977666667,36.383366666667,3;4;5,31,57,73,P19652|A1AG2_HUMAN,Unmodified
AALAAFNAQNN(N-Glycosylation)GSNFQLEEISR{Fuc:1; Hex:5; HexNAc:4; Neu5Ac:2},4714.97038507,1.23007797466e-06,16.2927783752,45.7938118601,0,8462986.08691,32.4464333333,32.9759333333,32.694833333333,3;4;5,8,165,187,P02765|FETUA_HUMAN,Unmodified
QDQC(Carbamidomethyl)IYN(N-Glycosylation)TTYLNVQR{Hex:7; HexNAc:6; Neu5Ac:4},5432.10702615,1.8500568712e-06,16.6441603938,130.322958979,0,36384649.0896,30.2560666667,31.4342166667,30.942166666667,4;5;6,21,86,101,P02763|A1AG1_HUMAN,Unmodified
NLFLN(N-Glycosylation)HSENATAK{Hex:5; HexNAc:4; Neu5Ac:2},3662.4961808,6.9642608147e-07,13.3934584227,25.0866103994,0.00896860986547,818012.741577,25.4510666667,26.1452166667,25.894166666667,3;4,7,202,215,P00738|HPT_HUMAN,Unmodified
SDHGSSISC(Carbamidomethyl)QPPAEIPGYLPADTVHLAVEFFN(N-Glycosylation)LTHLPANLLQGASK{Hex:5; HexNAc:4; Neu5Ac:2},7103.18422894,3.09434548067e-06,16.4660679643,38.4187728875,0.00157480314961,8309197.52832,44.1414333333,44.67445,44.342516666667,8;5;6;7,19,47,93,P02750|A2GL_HUMAN,Unmodified
MVSHHN(N-Glycosylation)LTTGATLINEQWLLTTAK{Hex:5; HexNAc:4; Neu5Ac:1},4592.05100318,2.40438976131e-06,16.6135408439,46.5381920741,0,5093487.34961,32.9759333333,33.2033666667,33.0755,4;5,4,178,202,P00738|HPT_HUMAN,Unmodified
VVLHPN(N-Glycosylation)YSQVDIGLIK{Hex:7; HexNAc:6; Neu5Ac:2},4729.03415815,1.40485113584e-06,16.9791360173,45.5501352742,0,4381518.3335,32.0145833333,32.3893833333,32.292033333333,4;5,1,235,251,P00738|HPT_HUMAN,Unmodified
TEVSSNHVLIYLDKVSN(N-Glycosylation)QTLSLFFTVLQDVPVR{Fuc:1; Hex:5; HexNAc:4; Neu5Ac:2},6111.82220143,1.98365185317e-06,8.94818568517,22.7807426751,0.00957446808511,226932.907227,48.0069333333,48.2778,48.231666666667,5,2,1407,1440,P01023|A2MG_HUMAN,Unmodified
VSN(N-Glycosylation)QTLSLFFTVLQDVPVR{Fuc:1; Hex:5; HexNAc:4; Neu5Ac:1},4221.90045705,1.90189578746e-06,15.1149556995,46.1629261397,0,2218021.79297,41.7788666667,42.1288333333,41.935783333333,3;4;5,12,1421,1440,P01023|A2MG_HUMAN,Unmodified
QDQC(Carbamidomethyl)IYN(N-Glycosylation)TTYLNVQR{Fuc:1; Hex:6; HexNAc:5; Neu5Ac:3},4921.90921801,7.75190989585e-06,13.8234436918,35.6680772195,0.00275862068966,7447040.87964,29.7443333333,30.9819833333,30.152683333333,4;5,5,86,101,P02763|A1AG1_HUMAN,Unmodified
C(Carbamidomethyl)SDGWSFDATTLDDN(N-Glycosylation)GTMLFFK{Hex:5; HexNAc:4; Neu5Ac:2},4731.84211126,-5.27081542906e-07,14.252040427,41.2132707646,0,1370033.18262,38.5928833333,38.8821166667,38.7877,4,4,49,71,P02790|HEMO_HUMAN,Unmodified
VSN(N-Glycosylation)QTLSLFFTVLQDVPVR{Fuc:1; Hex:6; HexNAc:5; Neu5Ac:2},4878.11972946,3.35572883528e-06,-20.0836252129,26.7214956912,0.00788288288288,82023.0332031,42.6187166667,42.6490166667,42.649016666667,4;5,1,1421,1440,P01023|A2MG_HUMAN,Unmodified
AALAAFNAQNN(N-Glycosylation)GSNFQLEEISR{Hex:5; HexNAc:4; Neu5Ac:2},4568.90845,2.1506349899e-06,13.6611957653,91.6114918839,0,84672190.1833,2.51708333333,49.2069666667,32.726333333333,3;4;5,40,165,187,P02765|FETUA_HUMAN,Unmodified
QQQHLFGSN(N-Glycosylation)VTDC(Carbamidomethyl)SGNFC(Carbamidomethyl)LFR{Fuc:1; Hex:5; HexNAc:4; Neu5Ac:2},4864.91135182,7.37095436714e-06,16.015985252,47.6133209666,0,9319406.12305,33.1067833333,33.5405166667,33.306533333333,4;5,7,621,642,P02787|TRFE_HUMAN,Unmodified
VVLHPN(N-Glycosylation)YSQVDIGLIK{Hex:6; HexNAc:5; Neu5Ac:2},4363.89857689,2.29815386109e-06,19.3359556434,149.905678971,0,36330991.7246,32.0642333333,32.5333833333,32.374366666667,4;5,19,235,251,P00738|HPT_HUMAN,Unmodified
VC(Carbamidomethyl)QDC(Carbamidomethyl)PLLAPLN(N-Glycosylation)DTR{Hex:5; HexNAc:4; Neu5Ac:2},3975.61034437,3.48594903796e-07,-0.149034275069,149.761867557,0,181004793.443,2.59063333333,32.3893833333,32.127783333333,3;4;5,47,144,159,P02765|FETUA_HUMAN,Unmodified
LPPGLLAN(N-Glycosylation)FTLLR{Hex:5; HexNAc:4; Neu5Ac:2},3628.62965618,-5.77456727879e-07,16.0137699208,51.9548473005,0,2831777.83301,38.4028,38.8821166667,38.654783333333,3;4;5,15,178,191,P02750|A2GL_HUMAN,Unmodified
SVQEIQATFFYFTPN(N-Glycosylation)K{Hex:6; HexNAc:5; Neu5Ac:2},4488.83923372,2.65475696246e-06,15.6953076361,123.620216566,0,25179362.9199,35.76365,38.1695666667,36.24225,4;5,34,57,73,P19652|A1AG2_HUMAN,Unmodified
SVQEIQATFFYFTPN(N-Glycosylation)K{Hex:6; HexNAc:5; Neu5Ac:2},4488.83923372,2.65475696246e-06,15.6953076361,123.620216566,0,25179362.9199,35.76365,38.1695666667,36.24225,4;5,34,57,73,P02763|A1AG1_HUMAN,Unmodified
SVQEIQATFFYFTPN(N-Glycosylation)K{Hex:6; HexNAc:5; Neu5Ac:3},4779.93416713,2.59415211101e-06,15.2216192387,148.640744684,0,137631068.68,36.2826166667,69.3355,36.94415,3;4;5;6,371,57,73,P02763|A1AG1_HUMAN,Unmodified
SVQEIQATFFYFTPN(N-Glycosylation)K{Hex:6; HexNAc:5; Neu5Ac:3},4779.93416713,2.59415211101e-06,15.2216192387,148.640744684,0,137631068.68,36.2826166667,69.3355,36.94415,3;4;5;6,371,57,73,P19652|A1AG2_HUMAN,Unmodified
VSN(N-Glycosylation)QTLSLFFTVLQDVPVR{Fuc:1; Hex:5; HexNAc:4; Neu5Ac:2},4512.97954206,5.39800926829e-06,14.753003858,29.6859500469,0.00358851674641,454058.02832,42.90895,43.2707,43.20715,4;5,4,1421,1440,P01023|A2MG_HUMAN,Unmodified
NEEYN(N-Glycosylation)K{Fuc:1; Hex:6; HexNAc:5; Neu5Ac:3},3802.39518677,7.02700161399e-07,9.48986785567,77.8902969459,0.0285714285714,687820.916748,3.27675,13.4100333333,7.6732,3;4,49,51,57,P19652|A1AG2_HUMAN,Unmodified
NEEYN(N-Glycosylation)K{Fuc:1; Hex:6; HexNAc:5; Neu5Ac:3},3802.39518677,7.02700161399e-07,9.48986785567,77.8902969459,0.0285714285714,687820.916748,3.27675,13.4100333333,7.6732,3;4,49,51,57,P02763|A1AG1_HUMAN,Unmodified
NEEYN(N-Glycosylation)K{Hex:6; HexNAc:5; Neu5Ac:3},3656.338486,4.00377045009e-07,9.68345523797,126.32700518,0,3531558.57495,2.81171666667,19.8862666667,3.44565,2;3;4,224,51,57,P02763|A1AG1_HUMAN,Unmodified
NEEYN(N-Glycosylation)K{Hex:6; HexNAc:5; Neu5Ac:3},3656.338486,4.00377045009e-07,9.68345523797,126.32700518,0,3531558.57495,2.81171666667,19.8862666667,3.44565,2;3;4,224,51,57,P19652|A1AG2_HUMAN,Unmodified
QDQC(Carbamidomethyl)IYN(N-Glycosylation)TTYLNVQR{Hex:8; HexNAc:7; Neu5Ac:4},5797.24394611,9.1865759327e-07,15.2951257129,35.9262344711,0.00275862068966,4032533.04297,30.1193833333,30.7923166667,30.525666666667,4;5,10,86,101,P02763|A1AG1_HUMAN,Unmodified
SVQEIQATFFYFTPN(N-Glycosylation)K{Hex:6; HexNAc:5; Neu5Ac:1},4197.74369898,2.86701839177e-06,14.4642607306,39.7073652775,0,1787043.88818,35.3575,35.5926666667,35.400266666667,3;4,6,57,73,P02763|A1AG1_HUMAN,Unmodified
SVQEIQATFFYFTPN(N-Glycosylation)K{Hex:6; HexNAc:5; Neu5Ac:1},4197.74369898,2.86701839177e-06,14.4642607306,39.7073652775,0,1787043.88818,35.3575,35.5926666667,35.400266666667,3;4,6,57,73,P19652|A1AG2_HUMAN,Unmodified
KVC(Carbamidomethyl)QDC(Carbamidomethyl)PLLAPLN(N-Glycosylation)DTR{Hex:5; HexNAc:4; Neu5Ac:2},4103.70317528,8.57270209068e-07,16.8844767762,117.618501917,0,9752882.78894,30.1193833333,31.0153333333,30.845933333333,4;5,20,143,159,P02765|FETUA_HUMAN,Unmodified
TEVSSNHVLIYLDKVSN(N-Glycosylation)QTLSLFFTVLQDVPVR{Hex:5; HexNAc:4; Neu5Ac:1},5674.67021055,1.90130936743e-06,-2.85526670716,28.0422153639,0.00593119810202,290372.163086,47.039,47.19105,47.133033333333,5;6,4,1407,1440,P01023|A2MG_HUMAN,Unmodified
VVLHPN(N-Glycosylation)YSQVDIGLIK{Hex:4; HexNAc:3; Neu5Ac:1},3342.54398513,1.43970893932e-06,17.8744199996,48.622634732,0,1585315.13525,32.3589166667,32.5480666667,32.4618,3;4,1,235,251,P00738|HPT_HUMAN,Unmodified
QLDMLDLSN(N-Glycosylation)NSLASVPEGLWASLGQPNWDMR{Hex:5; HexNAc:4; Neu5Ac:2},5661.39626431,3.60351134291e-06,21.0120009649,18.5539368502,0.0265151515152,460058.517578,42.4903833333,42.6490166667,42.579016666667,4;5,4,260,291,P02750|A2GL_HUMAN,Unmodified
SVQEIQATFFYFTPN(N-Glycosylation)K{Hex:8; HexNAc:7; Neu5Ac:3},5510.19733982,2.47160955159e-06,14.61028041,63.5858468229,0,6160135.69824,36.2070333333,37.0387666667,36.564983333333,4;5;6,2,57,73,P19652|A1AG2_HUMAN,Unmodified
SVQEIQATFFYFTPN(N-Glycosylation)K{Hex:8; HexNAc:7; Neu5Ac:3},5510.19733982,2.47160955159e-06,14.61028041,63.5858468229,0,6160135.69824,36.2070333333,37.0387666667,36.564983333333,4;5;6,2,57,73,P02763|A1AG1_HUMAN,Unmodified
QDQC(Carbamidomethyl)IYN(N-Glycosylation)TTYLNVQR{Hex:7; HexNAc:6; Neu5Ac:3},5140.98740542,6.66290925509e-06,12.5926574261,29.0134527977,0.00358851674641,11955683.8833,29.5387833333,31.1022666667,30.152683333333,4;5;6,6,86,101,P02763|A1AG1_HUMAN,Unmodified
SVQEIQATFFYFTPN(N-Glycosylation)K{Fuc:1; Hex:7; HexNAc:6; Neu5Ac:3},5291.12457237,2.2867283674e-06,13.0967182324,125.991729519,0,14002791.5806,36.4012,38.1113333333,36.746016666667,4;5;6,16,57,73,P19652|A1AG2_HUMAN,Unmodified
SVQEIQATFFYFTPN(N-Glycosylation)K{Fuc:1; Hex:7; HexNAc:6; Neu5Ac:3},5291.12457237,2.2867283674e-06,13.0967182324,125.991729519,0,14002791.5806,36.4012,38.1113333333,36.746016666667,4;5;6,16,57,73,P02763|A1AG1_HUMAN,Unmodified
ALPQPQN(N-Glycosylation)VTSLLGC(Carbamidomethyl)TH{Hex:5; HexNAc:4; Neu5Ac:2},3939.63492221,2.49315978531e-06,18.9750564441,85.3883931814,0,9333030.62988,32.9066666667,33.2716833333,33.152983333333,3;4,15,446,462,P02790|HEMO_HUMAN,Unmodified
QDQC(Carbamidomethyl)IYN(N-Glycosylation)TTYLNVQR{Fuc:1; Hex:7; HexNAc:6; Neu5Ac:3},5287.0425186,7.00761320036e-06,11.9238586981,19.4288022042,0.0187192118227,1888042.40088,29.6256,30.5477833333,29.939983333333,4;5,3,86,101,P02763|A1AG1_HUMAN,Unmodified
NPN(N-Glycosylation)ATSSSSQDPESLQDR{Hex:6; HexNAc:5; Neu5Ac:3},4792.84112115,9.64388620585e-07,15.1449584184,27.6898630937,0.00593119810202,1128784.66846,22.8230833333,23.5617166667,23.157266666667,4;5,5,22,40,P05155|IC1_HUMAN,Unmodified
QQQHLFGSN(N-Glycosylation)VTDC(Carbamidomethyl)SGNFC(Carbamidomethyl)LFR{Hex:5; HexNAc:4; Neu5Ac:2},4718.84318353,9.77327200698e-06,16.543375164,74.3971620478,0,124065694.463,33.0600333333,33.5405166667,33.43505,3;4;5;6,34,621,642,P02787|TRFE_HUMAN,Unmodified
TEVSSNHVLIYLDKVSN(N-Glycosylation)QTLSLFFTVLQDVPVR{Fuc:1; Hex:5; HexNAc:4; Neu5Ac:1},5820.72367883,2.61648261196e-06,16.2070669097,49.5196113676,0,1002506.5918,46.9075,47.1330333333,46.993333333333,4;5;6,8,1407,1440,P01023|A2MG_HUMAN,Unmodified
C(Carbamidomethyl)GLVPVLAENYN(N-Glycosylation)K{Hex:5; HexNAc:4; Neu5Ac:2},3680.5137026,8.11763715713e-07,14.970198845,137.67854156,0,45979459.3901,30.9216666667,32.1434833333,31.914916666667,3;4;5,37,420,433,P02787|TRFE_HUMAN,Unmodified
NEEYN(N-Glycosylation)K{Hex:5; HexNAc:4; Neu5Ac:2},3000.11060484,5.7752132227e-07,9.57746881678,126.577104577,0,5050663.26526,2.81171666667,19.1304666667,3.386316666667,2;3;4,257,51,57,P19652|A1AG2_HUMAN,Unmodified
NEEYN(N-Glycosylation)K{Hex:5; HexNAc:4; Neu5Ac:2},3000.11060484,5.7752132227e-07,9.57746881678,126.577104577,0,5050663.26526,2.81171666667,19.1304666667,3.386316666667,2;3;4,257,51,57,P02763|A1AG1_HUMAN,Unmodified
NPN(N-Glycosylation)ATSSSSQDPESLQDR{Hex:5; HexNAc:4; Neu5Ac:2},4136.6187275,-1.44231505382e-07,12.6463040854,18.2089317399,0.0265151515152,557671.991211,23.04295,23.2615,23.157266666667,4,2,22,40,P05155|IC1_HUMAN,Unmodified
TEVSSNHVLIYLDKVSN(N-Glycosylation)QTLSLFFTVLQDVPVR{Hex:5; HexNAc:4; Neu5Ac:2},5965.76557328,1.81755100988e-06,14.2562802293,42.4505285305,0,1223925.36621,47.9362,48.2316666667,48.139616666667,4;5;6;7,6,1407,1440,P01023|A2MG_HUMAN,Unmodified
QDQC(Carbamidomethyl)IYN(N-Glycosylation)TTYLNVQR{Fuc:1; Hex:7; HexNAc:6; Neu5Ac:4},5578.16481585,1.8229662201e-06,16.3683642813,36.5057249773,0.00275862068966,10712492.3535,30.4346333333,31.1753,30.863766666667,4;5,11,86,101,P02763|A1AG1_HUMAN,Unmodified
VSN(N-Glycosylation)QTLSLFFTVLQDVPVR{Fuc:1; Hex:6; HexNAc:5; Neu5Ac:3},5169.21507625,3.18024329452e-06,12.2299319766,17.8559234985,0.0281954887218,481135.575684,43.5402333333,44.0704666667,43.736683333333,4;5,1,1421,1440,P01023|A2MG_HUMAN,Unmodified
QNQC(Carbamidomethyl)FYN(N-Glycosylation)SSYLNVQR{Fuc:1; Hex:7; HexNAc:6; Neu5Ac:4},5583.14455779,-9.65248536944e-08,14.1384164011,15.7862453626,0.0428571428571,1564221.90332,30.3241,30.7568166667,30.686683333333,4;5,1,86,101,P19652|A1AG2_HUMAN,Unmodified
SNHVSRTEVSSNHVLIYLDKVSN(N-Glycosylation)QTLSLFFTVLQDVPVR{Fuc:1; Hex:5; HexNAc:4; Neu5Ac:1},6501.0580637,2.50205376567e-06,15.261972928,39.2009779912,0,523984.736328,44.52785,44.67445,44.566566666667,5;6;7,3,1401,1440,P01023|A2MG_HUMAN,Unmodified
QDQC(Carbamidomethyl)IYN(N-Glycosylation)TTYLNVQR{Hex:6; HexNAc:5; Neu5Ac:2},4484.78572314,1.85599996389e-06,15.3880376899,44.7836382947,0,3878207.5957,29.3519,30.2916166667,29.572266666667,4;5,5,86,101,P02763|A1AG1_HUMAN,Unmodified
VVLHPN(N-Glycosylation)YSQVDIGLIK{Hex:6; HexNAc:5; Neu5Ac:1},4072.80893599,1.04431779203e-06,17.496468084,57.0912741564,0,7516843.15576,31.4507666667,31.7990333333,31.673616666667,3;4;5,7,235,251,P00738|HPT_HUMAN,Unmodified
VVLHPN(N-Glycosylation)YSQVDIGLIK{Hex:7; HexNAc:6; Neu5Ac:3},5020.12624497,1.98665804599e-06,16.8727170157,18.4685291638,0.0265151515152,2072776.59375,32.9066666667,33.1529833333,33.02745,5,1,235,251,P00738|HPT_HUMAN,Unmodified
SVQEIQATFFYFTPN(N-Glycosylation)K{Fuc:1; Hex:6; HexNAc:5; Neu5Ac:3},4925.99472521,1.97941583128e-06,13.9792152619,129.708016993,0,21204752.4629,36.3833666667,38.7614333333,36.827716666667,4;5,36,57,73,P19652|A1AG2_HUMAN,Unmodified
SVQEIQATFFYFTPN(N-Glycosylation)K{Fuc:1; Hex:6; HexNAc:5; Neu5Ac:3},4925.99472521,1.97941583128e-06,13.9792152619,129.708016993,0,21204752.4629,36.3833666667,38.7614333333,36.827716666667,4;5,36,57,73,P02763|A1AG1_HUMAN,Unmodified
QNQC(Carbamidomethyl)FYN(N-Glycosylation)SSYLNVQR{Hex:7; HexNAc:6; Neu5Ac:3},5145.96900368,4.21492911071e-06,14.3021264885,19.1801440358,0.020487804878,7286998.14258,29.5217333333,30.0038166667,29.920483333333,4;5,1,86,101,P19652|A1AG2_HUMAN,Unmodified
VSN(N-Glycosylation)QTLSLFFTVLQDVPVR{Hex:5; HexNAc:4; Neu5Ac:1},4075.84202124,2.09934994299e-06,16.5557226853,21.3369248516,0.0140986908359,669528.285156,41.8493333333,42.0567333333,41.972016666667,4,1,1421,1440,P01023|A2MG_HUMAN,Unmodified
QLDMLDLSN(N-Glycosylation)NSLASVPEGLWASLGQPNWDMR{Hex:6; HexNAc:5; Neu5Ac:3},6317.6239421,3.21886104787e-06,15.2752860375,21.3104395747,0.0140986908359,2460578.21582,43.0362166667,43.4623,43.357816666667,4;5;6,11,260,291,P02750|A2GL_HUMAN,Unmodified
SVQEIQATFFYFTPN(N-Glycosylation)K{Hex:7; HexNAc:6; Neu5Ac:2},4853.96675076,3.41899098518e-06,16.1988809276,148.897994907,0,50208374.6802,35.53275,37.5184166667,36.083116666667,4;5;6,36,57,73,P02763|A1AG1_HUMAN,Unmodified
SVQEIQATFFYFTPN(N-Glycosylation)K{Hex:7; HexNAc:6; Neu5Ac:2},4853.96675076,3.41899098518e-06,16.1988809276,148.897994907,0,50208374.6802,35.53275,37.5184166667,36.083116666667,4;5;6,36,57,73,P19652|A1AG2_HUMAN,Unmodified
SWPAVGN(N-Glycosylation)C(Carbamidomethyl)SSALR{Hex:5; HexNAc:4; Neu5Ac:2},3608.4349111,-2.46032071291e-07,16.0030629446,93.2839663366,0,8586532.43384,28.6087666667,29.3708833333,29.1167,3;4,20,180,193,P02790|HEMO_HUMAN,Unmodified
QDQC(Carbamidomethyl)IYN(N-Glycosylation)TTYLNVQR{Hex:5; HexNAc:4; Neu5Ac:2},4119.65854227,8.03148171138e-07,15.9859954239,25.562546887,0.00788288288288,903796.937012,29.5217333333,29.7664833333,29.684066666667,3;4,2,86,101,P02763|A1AG1_HUMAN,Unmodified
SVQEIQATFFYFTPN(N-Glycosylation)K{Hex:7; HexNAc:6; Neu5Ac:4},5436.16097305,2.42936162978e-06,11.9448468418,160.134712375,0,43405060.6362,37.0743166667,62.7513,37.697766666667,4;5;6,238,57,73,P19652|A1AG2_HUMAN,Unmodified
VVLHPN(N-Glycosylation)YSQVDIGLIK{Hex:5; HexNAc:4; Neu5Ac:2},3998.77146184,1.2373865206e-06,19.1814833675,160.624467645,0,105749791.406,32.1122,32.5800666667,32.446433333333,3;4;5,36,235,251,P00738|HPT_HUMAN,Unmodified
VSN(N-Glycosylation)QTLSLFFTVLQDVPVR{Hex:5; HexNAc:4; Neu5Ac:2},4366.91504559,7.08710324337e-06,15.5452036541,49.3222688731,0,2118764.91455,42.90895,43.1572666667,42.974633333333,4;5;6,9,1421,1440,P01023|A2MG_HUMAN,Unmodified
SVQEIQATFFYFTPN(N-Glycosylation)K{Hex:7; HexNAc:6; Neu5Ac:3},5145.0653994,2.59735170724e-06,14.0389201844,168.960221216,0,96713125.4891,36.0644333333,67.3875,36.8059,3;4;5;6,195,57,73,P19652|A1AG2_HUMAN,Unmodified
SVQEIQATFFYFTPN(N-Glycosylation)K{Hex:7; HexNAc:6; Neu5Ac:3},5145.0653994,2.59735170724e-06,14.0389201844,168.960221216,0,96713125.4891,36.0644333333,67.3875,36.8059,3;4;5;6,195,57,73,P02763|A1AG1_HUMAN,Unmodified
SVQEIQATFFYFTPN(N-Glycosylation)K{Fuc:1; Hex:7; HexNAc:6; Neu5Ac:2},5000.02580881,3.08926816953e-06,17.0069685862,58.4786790538,0,6462856.89648,35.7103666667,36.24225,36.0064,4;5,7,57,73,P02763|A1AG1_HUMAN,Unmodified
SVQEIQATFFYFTPN(N-Glycosylation)K{Fuc:1; Hex:7; HexNAc:6; Neu5Ac:2},5000.02580881,3.08926816953e-06,17.0069685862,58.4786790538,0,6462856.89648,35.7103666667,36.24225,36.0064,4;5,7,57,73,P19652|A1AG2_HUMAN,Unmodified
SDHGSSISC(Carbamidomethyl)QPPAEIPGYLPADTVHLAVEFFN(N-Glycosylation)LTHLPANLLQGASK{Hex:6; HexNAc:5; Neu5Ac:3},7759.41125237,2.90856093596e-06,17.3587543314,76.6809478538,0,63498697.9443,44.8543166667,45.6806333333,45.314466666667,8;4;5;6;7,42,47,93,P02750|A2GL_HUMAN,Unmodified
QDQC(Carbamidomethyl)IYN(N-Glycosylation)TTYLNVQR{Hex:8; HexNAc:7; Neu5Ac:3},5506.1423859,2.08301629996e-06,16.0218492323,30.4219789171,0.00358851674641,4255711.58594,29.5217333333,29.9842666667,29.766483333333,4;5,4,86,101,P02763|A1AG1_HUMAN,Unmodified
SDHGSSISC(Carbamidomethyl)QPPAEIPGYLPADTVHLAVEFFN(N-Glycosylation)LTHLPANLLQGASK{Hex:7; HexNAc:6; Neu5Ac:4},8415.62814244,3.95586527031e-06,15.9963277557,26.8422188836,0.00788288288288,1853245.45898,45.9525,46.43355,46.267033333333,8;5;6;7,12,47,93,P02750|A2GL_HUMAN,Unmodified
VVLHPN(N-Glycosylation)YSQVDIGLIK{Hex:6; HexNAc:5; Neu5Ac:3},4654.98900416,3.22624699743e-06,19.0336284024,143.349635267,0,76165792.1719,32.74185,33.3231166667,33.12265,3;4;5,31,235,251,P00738|HPT_HUMAN,Unmodified
